Metric,Value
TP,1.0
TN,4.0
FP,2.0
FN,3.0
Prevalence,0.3
PPV,0.3333333333333333
NPV,0.5714285714285714
Sensitivity,0.25
Specificity,0.6666666666666666
FPR,0.3333333333333333
FNR,0.75
