DIABETES,0.0,1.0,All
0,0.3966359196961476,0.32392837764514376,0.7205642973412913
1,0.15518176885512752,0.12425393380358112,0.27943570265870865
All,0.5518176885512751,0.4481823114487249,1.0
